Workbook

Sheet Demande de lots - 2026
A1: KAMPUS 137 — Suivi des demandes de lots 2026
A2: ID | B2: Date_Demande | C2: Nom de la structure | D2: Type de structure | E2: Numéro de SIRET ou RNA | F2: Ville | G2: Code postal | H2: Nom | I2: Prénom | J2: Téléphone | K2: E-mail | L2: Raison de la demande | M2: Statut | N2: Mail_Envoye | O2: Derniere_Demande | P2: Delai_Jours | Q2: Mois_Jauge | R2: Commentaire
A3: =IF(B3<>"",ROW()-2,"") | B3: 46178 | C3: Association Les Hirondelles | D3: APE / École / Collège / Lycée | E3: 000 000 000 00000 | F3: Bruz | G3: 35170 | H3: Durand | I3: Claire | J3: 0X XX XX XX XX | K3: contact1@exemple.fr | L3: Tombola / Loto | M3: Validé | N3: Oui | P3: =IF(OR(O3="",B3=""),"—",IFERROR(INT(B3)-INT(O3),"—")) | Q3: =IF(B3="","",TEXT(B3,"mmmm aaaa"))
A4: =IF(B4<>"",ROW()-2,"") | B4: 46148 | C4: APE École du Bourg | D4: APE / École / Collège / Lycée | E4: 000 000 000 00000 | F4: Chartres-de-Bretagne | G4: 35131 | H4: Lemoine | I4: Julien | J4: 0X XX XX XX XX | K4: contact2@exemple.fr | L4: Tombola / Loto | M4: Validé | N4: Oui | P4: =IF(OR(O4="",B4=""),"—",IFERROR(INT(B4)-INT(O4),"—")) | Q4: =IF(B4="","",TEXT(B4,"mmmm aaaa"))
A5: =IF(B5<>"",ROW()-2,"") | B5: 46180 | C5: Club Sportif Municipal | D5: APE / École / Collège / Lycée | E5: 000 000 000 00000 | F5: Guichen | G5: 35580 | H5: Petit | I5: Sophie | J5: 0X XX XX XX XX | K5: contact3@exemple.fr | L5: Tombola / Loto | M5: En attente | P5: =IF(OR(O5="",B5=""),"—",IFERROR(INT(B5)-INT(O5),"—")) | Q5: =IF(B5="","",TEXT(B5,"mmmm aaaa"))
A6: =IF(B6<>"",ROW()-2,"") | B6: 46125 | C6: Comité des Fêtes | D6: APE / École / Collège / Lycée | E6: 000 000 000 00000 | F6: Bain-de-Bretagne | G6: 35470 | H6: Bertrand | I6: Marc | J6: 0X XX XX XX XX | K6: contact4@exemple.fr | L6: Tombola / Loto | M6: Validé | N6: Oui | P6: =IF(OR(O6="",B6=""),"—",IFERROR(INT(B6)-INT(O6),"—")) | Q6: =IF(B6="","",TEXT(B6,"mmmm aaaa"))
A7: =IF(B7<>"",ROW()-2,"") | B7: 46155 | C7: Amicale Laïque | D7: APE / École / Collège / Lycée | E7: 000 000 000 00000 | F7: Janzé | G7: 35150 | H7: Rouault | I7: Élise | J7: 0X XX XX XX XX | K7: contact5@exemple.fr | L7: Tombola / Loto | M7: Refusé | P7: =IF(OR(O7="",B7=""),"—",IFERROR(INT(B7)-INT(O7),"—")) | Q7: =IF(B7="","",TEXT(B7,"mmmm aaaa"))
A8: =IF(B8<>"",ROW()-2,"") | B8: 46186 | C8: Collège Saint-Exupéry | D8: APE / École / Collège / Lycée | E8: 000 000 000 00000 | F8: Nouvoitou | G8: 35410 | H8: Colin | I8: Thomas | J8: 0X XX XX XX XX | K8: contact6@exemple.fr | L8: Tombola / Loto | O8: 46125 | P8: =IF(OR(O8="",B8=""),"—",IFERROR(INT(B8)-INT(O8),"—")) | Q8: =IF(B8="","",TEXT(B8,"mmmm aaaa"))
A9: =IF(B9<>"",ROW()-2,"") | B9: 46186 | C9: Union Sportive du Val | D9: Association Sportive (Club) | E9: 000 000 000 00000 | F9: Bruz | G9: 35170 | H9: Marchand | I9: Nadia | J9: 0X XX XX XX XX | K9: contact7@exemple.fr | L9: Tournoi ou événement sportif | M9: Validé | N9: Oui | P9: =IF(OR(O9="",B9=""),"—",IFERROR(INT(B9)-INT(O9),"—")) | Q9: =IF(B9="","",TEXT(B9,"mmmm aaaa"))
A10: =IF(B10<>"",ROW()-2,"") | B10: 46197 | C10: Foyer Rural | D10: APE / École / Collège / Lycée | E10: 000 000 000 00000 | F10: Chartres-de-Bretagne | G10: 35131 | H10: Leroy | I10: Pierre | J10: 0X XX XX XX XX | K10: contact8@exemple.fr | L10: Tombola / Loto | P10: =IF(OR(O10="",B10=""),"—",IFERROR(INT(B10)-INT(O10),"—")) | Q10: =IF(B10="","",TEXT(B10,"mmmm aaaa"))
A11: =IF(B11<>"",ROW()-2,"") | B11: 46261 | C11: Association Les Hirondelles | D11: Autre | E11: 000 000 000 00000 | F11: Guichen | G11: 35580 | H11: Durand | I11: Claire | J11: 0X XX XX XX XX | K11: contact9@exemple.fr | L11: Tombola / Loto | P11: =IF(OR(O11="",B11=""),"—",IFERROR(INT(B11)-INT(O11),"—")) | Q11: =IF(B11="","",TEXT(B11,"mmmm aaaa"))
A12: =IF(B12<>"",ROW()-2,"") | B12: 46270 | C12: APE École du Bourg | D12: Autre | E12: 000 000 000 00000 | F12: Bain-de-Bretagne | G12: 35470 | H12: Lemoine | I12: Julien | J12: 0X XX XX XX XX | K12: contact10@exemple.fr | L12: Tombola / Loto | P12: =IF(OR(O12="",B12=""),"—",IFERROR(INT(B12)-INT(O12),"—")) | Q12: =IF(B12="","",TEXT(B12,"mmmm aaaa"))
A13: =IF(B13<>"",ROW()-2,"") | P13: =IF(OR(O13="",B13=""),"—",IFERROR(INT(B13)-INT(O13),"—")) | Q13: =IF(B13="","",TEXT(B13,"MMMM YYYY"))
A14: =IF(B14<>"",ROW()-2,"") | P14: =IF(OR(O14="",B14=""),"—",IFERROR(INT(B14)-INT(O14),"—")) | Q14: =IF(B14="","",TEXT(B14,"MMMM YYYY"))
A15: =IF(B15<>"",ROW()-2,"") | P15: =IF(OR(O15="",B15=""),"—",IFERROR(INT(B15)-INT(O15),"—")) | Q15: =IF(B15="","",TEXT(B15,"MMMM YYYY"))
A16: =IF(B16<>"",ROW()-2,"") | P16: =IF(OR(O16="",B16=""),"—",IFERROR(INT(B16)-INT(O16),"—")) | Q16: =IF(B16="","",TEXT(B16,"MMMM YYYY"))
A17: =IF(B17<>"",ROW()-2,"") | P17: =IF(OR(O17="",B17=""),"—",IFERROR(INT(B17)-INT(O17),"—")) | Q17: =IF(B17="","",TEXT(B17,"MMMM YYYY"))
A18: =IF(B18<>"",ROW()-2,"") | P18: =IF(OR(O18="",B18=""),"—",IFERROR(INT(B18)-INT(O18),"—")) | Q18: =IF(B18="","",TEXT(B18,"MMMM YYYY"))
A19: =IF(B19<>"",ROW()-2,"") | P19: =IF(OR(O19="",B19=""),"—",IFERROR(INT(B19)-INT(O19),"—")) | Q19: =IF(B19="","",TEXT(B19,"MMMM YYYY"))
A20: =IF(B20<>"",ROW()-2,"") | P20: =IF(OR(O20="",B20=""),"—",IFERROR(INT(B20)-INT(O20),"—")) | Q20: =IF(B20="","",TEXT(B20,"MMMM YYYY"))
A21: =IF(B21<>"",ROW()-2,"") | P21: =IF(OR(O21="",B21=""),"—",IFERROR(INT(B21)-INT(O21),"—")) | Q21: =IF(B21="","",TEXT(B21,"MMMM YYYY"))
A22: =IF(B22<>"",ROW()-2,"") | P22: =IF(OR(O22="",B22=""),"—",IFERROR(INT(B22)-INT(O22),"—")) | Q22: =IF(B22="","",TEXT(B22,"MMMM YYYY"))
A23: =IF(B23<>"",ROW()-2,"") | P23: =IF(OR(O23="",B23=""),"—",IFERROR(INT(B23)-INT(O23),"—")) | Q23: =IF(B23="","",TEXT(B23,"MMMM YYYY"))
A24: =IF(B24<>"",ROW()-2,"") | P24: =IF(OR(O24="",B24=""),"—",IFERROR(INT(B24)-INT(O24),"—")) | Q24: =IF(B24="","",TEXT(B24,"MMMM YYYY"))
... A507: =IF(B507<>"",ROW()-2,"") | P507: =IF(OR(O507="",B507=""),"—",IFERROR(INT(B507)-INT(O507),"—")) | Q507: =IF(B507="","",TEXT(B507,"MMMM YYYY"))

Sheet Jauge_Mensuelle
A1: KAMPUS 137 — Jauge mensuelle des lots accordés
A2: Mois | B2: Lots accordés | C2: Limite max | D2: Reste disponible | E2: % utilisé | F2: Statut | G2: Nb demandes | I2: Limite mensuelle : | J2: 40
A3: Janvier 2026 | B3: =COUNTIFS('Demande de lots - 2026'!Q$3:Q$507,A3,'Demande de lots - 2026'!M$3:M$507,"Validé")*4 | C3: =$J$2 | D3: =C3-B3 | E3: =IF(C3>0,B3/C3,0) | F3: =IF(B3=0,"✅ Aucun lot",IF(B3>=C3,"🔴 LIMITE ATTEINTE",IF(B3/C3>=0.8,"🟠 Attention",IF(B3/C3>=0.5,"🟡 En cours","🟢 Disponible")))) | G3: =COUNTIFS('Demande de lots - 2026'!Q$3:Q$507,A3,'Demande de lots - 2026'!M$3:M$507,"Validé")
A4: Février 2026 | B4: =COUNTIFS('Demande de lots - 2026'!Q$3:Q$507,A4,'Demande de lots - 2026'!M$3:M$507,"Validé")*4 | C4: =$J$2 | D4: =C4-B4 | E4: =IF(C4>0,B4/C4,0) | F4: =IF(B4=0,"✅ Aucun lot",IF(B4>=C4,"🔴 LIMITE ATTEINTE",IF(B4/C4>=0.8,"🟠 Attention",IF(B4/C4>=0.5,"🟡 En cours","🟢 Disponible")))) | G4: =COUNTIFS('Demande de lots - 2026'!Q$3:Q$507,A4,'Demande de lots - 2026'!M$3:M$507,"Validé")
A5: Mars 2026 | B5: =COUNTIFS('Demande de lots - 2026'!Q$3:Q$507,A5,'Demande de lots - 2026'!M$3:M$507,"Validé")*4 | C5: =$J$2 | D5: =C5-B5 | E5: =IF(C5>0,B5/C5,0) | F5: =IF(B5=0,"✅ Aucun lot",IF(B5>=C5,"🔴 LIMITE ATTEINTE",IF(B5/C5>=0.8,"🟠 Attention",IF(B5/C5>=0.5,"🟡 En cours","🟢 Disponible")))) | G5: =COUNTIFS('Demande de lots - 2026'!Q$3:Q$507,A5,'Demande de lots - 2026'!M$3:M$507,"Validé")
A6: Avril 2026 | B6: =COUNTIFS('Demande de lots - 2026'!Q$3:Q$507,A6,'Demande de lots - 2026'!M$3:M$507,"Validé")*4 | C6: =$J$2 | D6: =C6-B6 | E6: =IF(C6>0,B6/C6,0) | F6: =IF(B6=0,"✅ Aucun lot",IF(B6>=C6,"🔴 LIMITE ATTEINTE",IF(B6/C6>=0.8,"🟠 Attention",IF(B6/C6>=0.5,"🟡 En cours","🟢 Disponible")))) | G6: =COUNTIFS('Demande de lots - 2026'!Q$3:Q$507,A6,'Demande de lots - 2026'!M$3:M$507,"Validé")
A7: Mai 2026 | B7: =COUNTIFS('Demande de lots - 2026'!Q$3:Q$507,A7,'Demande de lots - 2026'!M$3:M$507,"Validé")*4 | C7: =$J$2 | D7: =C7-B7 | E7: =IF(C7>0,B7/C7,0) | F7: =IF(B7=0,"✅ Aucun lot",IF(B7>=C7,"🔴 LIMITE ATTEINTE",IF(B7/C7>=0.8,"🟠 Attention",IF(B7/C7>=0.5,"🟡 En cours","🟢 Disponible")))) | G7: =COUNTIFS('Demande de lots - 2026'!Q$3:Q$507,A7,'Demande de lots - 2026'!M$3:M$507,"Validé")
A8: Juin 2026 | B8: =COUNTIFS('Demande de lots - 2026'!Q$3:Q$507,A8,'Demande de lots - 2026'!M$3:M$507,"Validé")*4 | C8: =$J$2 | D8: =C8-B8 | E8: =IF(C8>0,B8/C8,0) | F8: =IF(B8=0,"✅ Aucun lot",IF(B8>=C8,"🔴 LIMITE ATTEINTE",IF(B8/C8>=0.8,"🟠 Attention",IF(B8/C8>=0.5,"🟡 En cours","🟢 Disponible")))) | G8: =COUNTIFS('Demande de lots - 2026'!Q$3:Q$507,A8,'Demande de lots - 2026'!M$3:M$507,"Validé")
A9: Juillet 2026 | B9: =COUNTIFS('Demande de lots - 2026'!Q$3:Q$507,A9,'Demande de lots - 2026'!M$3:M$507,"Validé")*4 | C9: =$J$2 | D9: =C9-B9 | E9: =IF(C9>0,B9/C9,0) | F9: =IF(B9=0,"✅ Aucun lot",IF(B9>=C9,"🔴 LIMITE ATTEINTE",IF(B9/C9>=0.8,"🟠 Attention",IF(B9/C9>=0.5,"🟡 En cours","🟢 Disponible")))) | G9: =COUNTIFS('Demande de lots - 2026'!Q$3:Q$507,A9,'Demande de lots - 2026'!M$3:M$507,"Validé")
A10: Août 2026 | B10: =COUNTIFS('Demande de lots - 2026'!Q$3:Q$507,A10,'Demande de lots - 2026'!M$3:M$507,"Validé")*4 | C10: =$J$2 | D10: =C10-B10 | E10: =IF(C10>0,B10/C10,0) | F10: =IF(B10=0,"✅ Aucun lot",IF(B10>=C10,"🔴 LIMITE ATTEINTE",IF(B10/C10>=0.8,"🟠 Attention",IF(B10/C10>=0.5,"🟡 En cours","🟢 Disponible")))) | G10: =COUNTIFS('Demande de lots - 2026'!Q$3:Q$507,A10,'Demande de lots - 2026'!M$3:M$507,"Validé")
A11: Septembre 2026 | B11: =COUNTIFS('Demande de lots - 2026'!Q$3:Q$507,A11,'Demande de lots - 2026'!M$3:M$507,"Validé")*4 | C11: =$J$2 | D11: =C11-B11 | E11: =IF(C11>0,B11/C11,0) | F11: =IF(B11=0,"✅ Aucun lot",IF(B11>=C11,"🔴 LIMITE ATTEINTE",IF(B11/C11>=0.8,"🟠 Attention",IF(B11/C11>=0.5,"🟡 En cours","🟢 Disponible")))) | G11: =COUNTIFS('Demande de lots - 2026'!Q$3:Q$507,A11,'Demande de lots - 2026'!M$3:M$507,"Validé")
A12: Octobre 2026 | B12: =COUNTIFS('Demande de lots - 2026'!Q$3:Q$507,A12,'Demande de lots - 2026'!M$3:M$507,"Validé")*4 | C12: =$J$2 | D12: =C12-B12 | E12: =IF(C12>0,B12/C12,0) | F12: =IF(B12=0,"✅ Aucun lot",IF(B12>=C12,"🔴 LIMITE ATTEINTE",IF(B12/C12>=0.8,"🟠 Attention",IF(B12/C12>=0.5,"🟡 En cours","🟢 Disponible")))) | G12: =COUNTIFS('Demande de lots - 2026'!Q$3:Q$507,A12,'Demande de lots - 2026'!M$3:M$507,"Validé")
A13: Novembre 2026 | B13: =COUNTIFS('Demande de lots - 2026'!Q$3:Q$507,A13,'Demande de lots - 2026'!M$3:M$507,"Validé")*4 | C13: =$J$2 | D13: =C13-B13 | E13: =IF(C13>0,B13/C13,0) | F13: =IF(B13=0,"✅ Aucun lot",IF(B13>=C13,"🔴 LIMITE ATTEINTE",IF(B13/C13>=0.8,"🟠 Attention",IF(B13/C13>=0.5,"🟡 En cours","🟢 Disponible")))) | G13: =COUNTIFS('Demande de lots - 2026'!Q$3:Q$507,A13,'Demande de lots - 2026'!M$3:M$507,"Validé")
A14: Décembre 2026 | B14: =COUNTIFS('Demande de lots - 2026'!Q$3:Q$507,A14,'Demande de lots - 2026'!M$3:M$507,"Validé")*4 | C14: =$J$2 | D14: =C14-B14 | E14: =IF(C14>0,B14/C14,0) | F14: =IF(B14=0,"✅ Aucun lot",IF(B14>=C14,"🔴 LIMITE ATTEINTE",IF(B14/C14>=0.8,"🟠 Attention",IF(B14/C14>=0.5,"🟡 En cours","🟢 Disponible")))) | G14: =COUNTIFS('Demande de lots - 2026'!Q$3:Q$507,A14,'Demande de lots - 2026'!M$3:M$507,"Validé")
... A20: Juin 2027 | B20: =COUNTIFS('Demande de lots - 2026'!Q$3:Q$507,A20,'Demande de lots - 2026'!M$3:M$507,"Validé")*4 | C20: =$J$2 | D20: =C20-B20 | E20: =IF(C20>0,B20/C20,0) | F20: =IF(B20=0,"✅ Aucun lot",IF(B20>=C20,"🔴 LIMITE ATTEINTE",IF(B20/C20>=0.8,"🟠 Attention",IF(B20/C20>=0.5,"🟡 En cours","🟢 Disponible")))) | G20: =COUNTIFS('Demande de lots - 2026'!Q$3:Q$507,A20,'Demande de lots - 2026'!M$3:M$507,"Validé")
A21: TOTAL ANNUEL | B21: =SUM(B3:B20)
